timestamp,adjclose,open,high,volume,low,close
2021-08-30 00:00:00,0.12300100177526474,0.12470900267362595,0.12470900267362595,406716,0.12230200320482254,0.12300100177526474
2021-08-31 00:00:00,0.12956200540065765,0.1251789927482605,0.1575479954481125,475976,0.1211559996008873,0.12956200540065765
2021-09-01 00:00:00,0.15815100073814392,0.14048799872398376,0.2928740084171295,527155,0.12687000632286072,0.15815100073814392
2021-09-02 00:00:00,0.1501619964838028,0.15695500373840332,0.15987299382686615,451875,0.15007799863815308,0.1501619964838028
2021-09-03 00:00:00,0.15013499557971954,0.15014199912548065,0.15098200738430023,451750,0.15010899305343628,0.15013499557971954
2021-09-04 00:00:00,0.15018300712108612,0.15013299882411957,0.1502240002155304,451894,0.15011799335479736,0.15018300712108612
2021-09-05 00:00:00,0.1501459926366806,0.15015800297260284,0.15020699799060822,451783,0.15010899305343628,0.1501459926366806
2021-09-06 00:00:00,0.1499760001897812,0.1501390039920807,0.15022900700569153,3,0.14993999898433685,0.1499760001897812
2021-09-07 00:00:00,0.15010100603103638,0.14998100697994232,0.1502009928226471,3,0.1499519944190979,0.15010100603103638
2021-09-08 00:00:00,0.1500449925661087,0.15007400512695312,0.15011000633239746,2,0.1500139981508255,0.1500449925661087
2021-09-09 00:00:00,0.14973300695419312,0.1500599980354309,0.1503780037164688,397101,0.14911499619483948,0.14973300695419312
2021-09-10 00:00:00,0.14913900196552277,0.14972299337387085,0.1500989943742752,410834,0.14908500015735626,0.14913900196552277
2021-09-11 00:00:00,0.14925800263881683,0.14914800226688385,0.15016800165176392,299347,0.14905400574207306,0.14925800263881683
2021-09-12 00:00:00,0.14984500408172607,0.1492460072040558,0.15014499425888062,398908,0.14900100231170654,0.14984500408172607
2021-09-13 00:00:00,0.1491519957780838,0.14985500276088715,0.15009799599647522,1501,0.1490190029144287,0.1491519957780838
2021-09-14 00:00:00,0.1491830050945282,0.14913499355316162,0.14927099645137787,1526,0.1491139978170395,0.1491830050945282
2021-09-15 00:00:00,0.14914900064468384,0.14917199313640594,0.14922599494457245,1342,0.1490979939699173,0.14914900064468384
2021-09-16 00:00:00,0.1491509974002838,0.14916899800300598,0.14920200407505035,1264,0.14911699295043945,0.1491509974002838
2021-09-17 00:00:00,0.1490429937839508,0.149167001247406,0.14925499260425568,1263,0.14903099834918976,0.1490429937839508
2021-09-18 00:00:00,0.14902600646018982,0.14904800057411194,0.1492539942264557,1263,0.1489650011062622,0.14902600646018982
2021-09-19 00:00:00,0.14914900064468384,0.1490209996700287,0.14937399327754974,1264,0.14882999658584595,0.14914900064468384
2021-09-20 00:00:00,0.1490889936685562,0.14916600286960602,0.14917999505996704,1263,0.14907200634479523,0.1490889936685562
2021-09-21 00:00:00,0.14911699295043945,0.14908699691295624,0.14917899668216705,1263,0.1490740031003952,0.14911699295043945
2021-09-22 00:00:00,0.1491059958934784,0.1491129994392395,0.1492460072040558,1263,0.14909300208091736,0.1491059958934784
2021-09-23 00:00:00,0.14917300641536713,0.1491059958934784,0.14930300414562225,1264,0.14908400177955627,0.14917300641536713
2021-09-24 00:00:00,0.14923299849033356,0.1491820067167282,0.1493149995803833,1264,0.14908699691295624,0.14923299849033356
2021-09-25 00:00:00,0.1492460072040558,0.14922499656677246,0.14935000240802765,1264,0.14915600419044495,0.1492460072040558
2021-09-26 00:00:00,0.14921200275421143,0.14924700558185577,0.14930200576782227,1264,0.14916299283504486,0.14921200275421143
2021-09-27 00:00:00,0.14916600286960602,0.14920799434185028,0.14930200576782227,1263,0.14908599853515625,0.14916600286960602
2021-09-28 00:00:00,0.14915700256824493,0.1491760015487671,0.14922499656677246,1263,0.1491129994392395,0.14915700256824493
2021-09-29 00:00:00,0.14914700388908386,0.1491439938545227,0.14919699728488922,1263,0.14906199276447296,0.14914700388908386
2021-09-30 00:00:00,0.14912499487400055,0.14914199709892273,0.14917699992656708,1132,0.14903099834918976,0.14912499487400055
2021-10-01 00:00:00,0.14911499619483948,0.14912299811840057,0.14916199445724487,1506,0.14906899631023407,0.14911499619483948
2021-10-02 00:00:00,0.14916400611400604,0.14912700653076172,0.1491830050945282,1504,0.14910000562667847,0.14916400611400604
2021-10-03 00:00:00,0.14913800358772278,0.14914199709892273,0.1491910070180893,1494,0.149058997631073,0.14913800358772278
2021-10-04 00:00:00,0.1490810066461563,0.14913000166416168,0.14918699860572815,1501,0.14900900423526764,0.1490810066461563
2021-10-05 00:00:00,0.14917099475860596,0.14907599985599518,0.14925499260425568,1504,0.14902299642562866,0.14917099475860596
2021-10-06 00:00:00,0.14916199445724487,0.14916600286960602,0.14927899837493896,1507,0.14900200068950653,0.14916199445724487
2021-10-07 00:00:00,0.1491519957780838,0.14914700388908386,0.14927099645137787,1505,0.14903399348258972,0.1491519957780838
2021-10-08 00:00:00,0.14910900592803955,0.14915600419044495,0.14916899800300598,1508,0.14906899631023407,0.14910900592803955
2021-10-09 00:00:00,0.14912299811840057,0.14911699295043945,0.14916099607944489,1471,0.14908699691295624,0.14912299811840057
2021-10-10 00:00:00,0.1492370069026947,0.14910699427127838,0.1492680013179779,1495,0.1490200012922287,0.1492370069026947
2021-10-11 00:00:00,0.14919300377368927,0.1492519974708557,0.14927099645137787,1336,0.1490740031003952,0.14919300377368927
2021-10-12 00:00:00,0.1490969955921173,0.14920400083065033,0.1492539942264557,1488,0.1490969955921173,0.1490969955921173
2021-10-13 00:00:00,0.15031999349594116,0.1491139978170395,0.15089799463748932,488241,0.14902299642562866,0.15031999349594116
2021-10-14 00:00:00,0.15050600469112396,0.15031500160694122,0.1509370058774948,483306,0.1490750014781952,0.15050600469112396
2021-10-15 00:00:00,0.14937199652194977,0.15050500631332397,0.15098099410533905,413472,0.14897799491882324,0.14937199652194977
2021-10-16 00:00:00,0.15080900490283966,0.14937299489974976,0.1509220004081726,413888,0.1489650011062622,0.15080900490283966
2021-10-17 00:00:00,0.15094199776649475,0.1508059948682785,0.15100300312042236,477681,0.15008200705051422,0.15094199776649475
2021-10-18 00:00:00,0.1508069932460785,0.15094199776649475,0.1509840041399002,492231,0.1504019945859909,0.1508069932460785
2021-10-19 00:00:00,0.15051600337028503,0.15080299973487854,0.15098999440670013,506925,0.15045200288295746,0.15051600337028503
2021-10-20 00:00:00,0.15087999403476715,0.150518000125885,0.15098899602890015,485841,0.14907200634479523,0.15087999403476715
2021-10-21 00:00:00,0.14940300583839417,0.1508910059928894,0.15094800293445587,432846,0.14902299642562866,0.14940300583839417
2021-10-22 00:00:00,0.15078000724315643,0.14940300583839417,0.15095099806785583,474154,0.14903700351715088,0.15078000724315643
2021-10-23 00:00:00,0.15062899887561798,0.1507820039987564,0.15102800726890564,397492,0.14907300472259521,0.15062899887561798
2021-10-24 00:00:00,0.1501539945602417,0.15062400698661804,0.15102699398994446,441377,0.14907099306583405,0.1501539945602417
2021-10-25 00:00:00,0.1490190029144287,0.15014299750328064,0.15095099806785583,441889,0.1490119993686676,0.1490190029144287
2021-10-26 00:00:00,0.14914900064468384,0.14900699257850647,0.1496099978685379,2065,0.14900299906730652,0.14914900064468384
2021-10-27 00:00:00,0.14938299357891083,0.14914700388908386,0.17055800557136536,8814,0.14903900027275085,0.14938299357891083
2021-10-28 00:00:00,0.17987699806690216,0.1493770033121109,0.18007700145244598,542969,0.1493390053510666,0.17987699806690216
2021-10-29 00:00:00,0.15040500462055206,0.17988699674606323,0.17998500168323517,418189,0.1500210016965866,0.15040500462055206
2021-10-30 00:00:00,0.1506659984588623,0.15040700137615204,0.15104900300502777,457254,0.15004600584506989,0.1506659984588623
2021-10-31 00:00:00,0.11055099964141846,0.15067799389362335,0.15109600126743317,384943,0.11016300320625305,0.11055099964141846
2021-11-01 00:00:00,0.11034300178289413,0.11054699867963791,0.11103100329637527,351136,0.11008500307798386,0.11034300178289413
2021-11-02 00:00:00,0.11038800328969955,0.11033199727535248,0.11105100065469742,313212,0.11009100079536438,0.11038800328969955
2021-11-03 00:00:00,0.11067800223827362,0.11039000004529953,0.11105400323867798,325453,0.11013700067996979,0.11067800223827362
2021-11-04 00:00:00,0.1108039990067482,0.11067499965429306,0.11103899776935577,336406,0.11016599833965302,0.1108039990067482
2021-11-05 00:00:00,0.11107099801301956,0.11079499870538712,0.1110989972949028,351030,0.11068300157785416,0.11107099801301956
2021-11-06 00:00:00,0.11104200035333633,0.11107199639081955,0.1110830008983612,1101,0.11067000031471252,0.11104200035333633
2021-11-07 00:00:00,0.11087100207805634,0.11106099933385849,0.11111900210380554,2129,0.11077699810266495,0.11087100207805634
2021-11-08 00:00:00,0.11085200309753418,0.11087299883365631,0.11108099669218063,1122,0.11072900146245956,0.11085200309753418
2021-11-09 00:00:00,0.11082500219345093,0.11084900051355362,0.11104600131511688,2118,0.110725998878479,0.11082500219345093
2021-11-10 00:00:00,0.11831100285053253,0.11083400249481201,0.11868400126695633,2104,0.11043500155210495,0.11831100285053253
2021-11-11 00:00:00,0.11609099805355072,0.11830499768257141,0.12832699716091156,8060,0.11587099730968475,0.11609099805355072
2021-11-12 00:00:00,0.11355400085449219,0.1159449964761734,0.11599600315093994,9208,0.11092600226402283,0.11355400085449219
2021-11-13 00:00:00,0.11027999967336655,0.1136929988861084,0.11381900310516357,8954,0.10994700342416763,0.11027999967336655
2021-11-14 00:00:00,0.11309599876403809,0.11027199774980545,0.11352899670600891,11135,0.10997399687767029,0.11309599876403809
2021-11-15 00:00:00,0.11059500277042389,0.1131180003285408,0.11344599723815918,6665,0.11048399657011032,0.11059500277042389
2021-11-16 00:00:00,0.10831499844789505,0.11076600104570389,0.11092100292444229,9444,0.10782100260257721,0.10831499844789505
2021-11-17 00:00:00,0.1138949990272522,0.10829800367355347,0.11597900092601776,10054,0.10809999704360962,0.1138949990272522
2021-11-18 00:00:00,0.11061900109052658,0.11388099938631058,0.11418899893760681,322928,0.10717800259590149,0.11061900109052658
2021-11-19 00:00:00,0.11071699857711792,0.11060699820518494,0.11122799664735794,318950,0.11005900055170059,0.11071699857711792
2021-11-20 00:00:00,0.11039599776268005,0.11070699989795685,0.11110900342464447,325137,0.1098639965057373,0.11039599776268005
2021-11-21 00:00:00,0.11023800075054169,0.11046600341796875,0.11112000048160553,299535,0.10993299633264542,0.11023800075054169
2021-11-22 00:00:00,0.11095300316810608,0.11019600182771683,0.11112300306558609,385543,0.10995300114154816,0.11095300316810608
2021-11-23 00:00:00,0.11117900162935257,0.11094699800014496,0.11131700128316879,318655,0.11011199653148651,0.11117900162935257
2021-11-24 00:00:00,0.11051099747419357,0.11116000264883041,0.11134199798107147,320146,0.11004099994897842,0.11051099747419357
2021-11-25 00:00:00,0.1103380024433136,0.11077699810266495,0.11095800250768661,379694,0.10986799746751785,0.1103380024433136
2021-11-26 00:00:00,0.09090700000524521,0.11060299724340439,0.11076299846172333,11549,0.08986900001764297,0.09090700000524521
2021-11-27 00:00:00,0.0900920033454895,0.09089499711990356,0.09099599719047546,5398,0.08984699845314026,0.0900920033454895
2021-11-28 00:00:00,0.09002500027418137,0.09009899944067001,0.09026200324296951,5444,0.08986800163984299,0.09002500027418137
2021-11-29 00:00:00,0.0902710035443306,0.09001100063323975,0.09035199880599976,5521,0.08982899785041809,0.0902710035443306
2021-11-30 00:00:00,0.09023799747228622,0.09024699777364731,0.09037400037050247,5624,0.08987999707460403,0.09023799747228622
2021-12-01 00:00:00,0.09472499787807465,0.09022600203752518,0.11108099669218063,8516,0.08983100205659866,0.09472499787807465
2021-12-02 00:00:00,0.1506579965353012,0.09472399950027466,0.15120500326156616,521215,0.08987099677324295,0.1506579965353012
2021-12-03 00:00:00,0.10006699711084366,0.15038999915122986,0.17973800003528595,586620,0.0897969976067543,0.10006699711084366
2021-12-04 00:00:00,0.09849099814891815,0.10006199777126312,0.12006200104951859,373795,0.09013000130653381,0.09849099814891815
2021-12-05 00:00:00,0.09804899990558624,0.09850800037384033,0.10008099675178528,329921,0.0978579968214035,0.09804899990558624
2021-12-06 00:00:00,0.5014700293540955,0.09806200116872787,0.5030620098114014,362510,0.050023000687360764,0.5014700293540955
2021-12-07 00:00:00,0.5016059875488281,0.5016819834709167,0.5064539909362793,2486587,0.4850740134716034,0.5016059875488281
2021-12-08 00:00:00,0.5024020075798035,0.5015869736671448,0.5064859986305237,2319671,0.4986270070075989,0.5024020075798035
2021-12-09 00:00:00,0.5084099769592285,0.5018470287322998,0.5103499889373779,1013213,0.4966759979724884,0.5084099769592285
2021-12-10 00:00:00,0.5056080222129822,0.5086050033569336,0.5155180096626282,2226103,0.49747300148010254,0.5056080222129822
2021-12-11 00:00:00,0.5000699758529663,0.5055580139160156,0.5080410242080688,3132901,0.49857398867607117,0.5000699758529663
2021-12-12 00:00:00,2.7074990272521973,0.5000119805335999,2.711745023727417,519687,0.49919798970222473,2.7074990272521973
2021-12-13 00:00:00,2.8010599613189697,2.7088088989257812,72.44710540771484,2825331,1.643062949180603,2.8010599613189697
2021-12-14 00:00:00,2.8109428882598877,2.8010480403900146,2.824399948120117,1132086,2.7945430278778076,2.8109428882598877
2021-12-15 00:00:00,2.8036859035491943,2.8106400966644287,2.8129990100860596,1275536,2.795466899871826,2.8036859035491943
2021-12-16 00:00:00,2.803230047225952,2.803657054901123,2.8146400451660156,2860778,2.796442985534668,2.803230047225952
2021-12-17 00:00:00,2.803842067718506,2.803632974624634,2.8147270679473877,2696622,2.79660701751709,2.803842067718506
2021-12-18 00:00:00,2.8068430423736572,2.8054559230804443,2.8135459423065186,2223484,2.7972419261932373,2.8068430423736572
2021-12-19 00:00:00,2.802877902984619,2.8064870834350586,2.814034938812256,2127794,2.7970430850982666,2.802877902984619
2021-12-20 00:00:00,2.8005270957946777,2.8019800186157227,2.8153491020202637,1759803,2.795957088470459,2.8005270957946777
2021-12-21 00:00:00,2.805875062942505,2.800724983215332,2.81243896484375,1599082,2.797621011734009,2.805875062942505
2021-12-22 00:00:00,2.807249069213867,2.806204080581665,2.8130578994750977,1555573,2.798103094100952,2.807249069213867
2021-12-23 00:00:00,2.8059470653533936,2.8083629608154297,2.8145129680633545,1580862,2.798798084259033,2.8059470653533936
2021-12-24 00:00:00,2.8058719635009766,2.806291103363037,2.813883066177368,1570253,2.7955660820007324,2.8058719635009766
2021-12-25 00:00:00,2.8036460876464844,2.806931972503662,2.81341290473938,1255346,2.798556089401245,2.8036460876464844
2021-12-26 00:00:00,2.8026490211486816,2.803802967071533,2.812356948852539,1318057,2.796442985534668,2.8026490211486816
2021-12-27 00:00:00,2.801367998123169,2.8030378818511963,2.8126320838928223,1395616,2.796389102935791,2.801367998123169
2021-12-28 00:00:00,2.807270050048828,2.802187919616699,2.813309907913208,1198079,2.798887014389038,2.807270050048828
2021-12-29 00:00:00,2.8048529624938965,2.806857109069824,2.812835931777954,1109712,2.798175096511841,2.8048529624938965
2021-12-30 00:00:00,2.8047139644622803,2.8050270080566406,2.81317400932312,994411,2.7964680194854736,2.8047139644622803
2021-12-31 00:00:00,2.804305076599121,2.8048949241638184,2.8110239505767822,798314,2.801038980484009,2.804305076599121
2022-01-01 00:00:00,2.8021080493927,2.8040359020233154,2.810884952545166,980609,2.801037073135376,2.8021080493927
2022-01-02 00:00:00,2.8041911125183105,2.8020830154418945,2.811292886734009,1012561,2.800724983215332,2.8041911125183105
2022-01-03 00:00:00,2.8035221099853516,2.8041720390319824,2.8050990104675293,969340,2.8031740188598633,2.8035221099853516
2022-01-04 00:00:00,2.8081390857696533,2.803510904312134,2.8095459938049316,963424,2.799731969833374,2.8081390857696533
2022-01-05 00:00:00,2.8048319816589355,2.8081300258636475,2.809187889099121,1220340,2.7996320724487305,2.8048319816589355
2022-01-06 00:00:00,2.808816909790039,2.8048360347747803,2.810887098312378,985515,2.800365924835205,2.808816909790039
2022-01-07 00:00:00,2.8049960136413574,2.8088529109954834,2.809830904006958,1217172,2.8000149726867676,2.8049960136413574
2022-01-08 00:00:00,2.800797939300537,2.8050179481506348,2.8095009326934814,1118507,2.8002610206604004,2.800797939300537
2022-01-09 00:00:00,2.8055760860443115,2.8007969856262207,2.810436964035034,1001349,2.800100088119507,2.8055760860443115
2022-01-10 00:00:00,2.8032779693603516,2.805572986602783,2.810776948928833,1279045,2.800450086593628,2.8032779693603516
2022-01-11 00:00:00,2.801896095275879,2.8032751083374023,2.814826011657715,1052654,2.8003439903259277,2.801896095275879
2022-01-12 00:00:00,2.808199882507324,2.8019139766693115,2.815329074859619,834003,2.801016092300415,2.808199882507324
2022-01-13 00:00:00,2.829590082168579,2.8081939220428467,2.8314409255981445,873018,2.801358938217163,2.829590082168579
2022-01-14 00:00:00,2.8092830181121826,2.8296079635620117,2.830846071243286,1146047,2.7991790771484375,2.8092830181121826
2022-01-15 00:00:00,2.809631109237671,2.8093340396881104,2.8112659454345703,996809,2.801671028137207,2.809631109237671
2022-01-16 00:00:00,2.8022570610046387,2.809868097305298,2.825355052947998,948857,2.8010809421539307,2.8022570610046387
2022-01-17 00:00:00,2.8104920387268066,2.8023040294647217,2.8105950355529785,1078043,2.800865888595581,2.8104920387268066
2022-01-18 00:00:00,2.8075509071350098,2.8104441165924072,2.8109869956970215,1096564,2.8011889457702637,2.8075509071350098
2022-01-19 00:00:00,2.8121089935302734,2.8075311183929443,2.813854932785034,1260907,2.8009889125823975,2.8121089935302734
2022-01-20 00:00:00,2.809478998184204,2.8120810985565186,2.8149919509887695,1166506,2.4439749717712402,2.809478998184204
2022-01-21 00:00:00,2.8094699382781982,2.8094611167907715,2.8134350776672363,1092383,2.8004209995269775,2.8094699382781982
2022-01-22 00:00:00,2.8074231147766113,2.8094849586486816,2.814613103866577,893441,2.801486015319824,2.8074231147766113
2022-01-23 00:00:00,2.8022589683532715,2.807415008544922,2.814203977584839,1109099,2.80082106590271,2.8022589683532715
2022-01-24 00:00:00,2.805525064468384,2.8022799491882324,2.8117899894714355,1090403,2.8008968830108643,2.805525064468384
2022-01-25 00:00:00,2.8033199310302734,2.805532932281494,2.811927080154419,793223,2.8007891178131104,2.8033199310302734
2022-01-26 00:00:00,2.8097169399261475,2.8032939434051514,2.8120059967041016,885273,2.801603078842163,2.8097169399261475
2022-01-27 00:00:00,2.8023130893707275,2.809722900390625,2.8120269775390625,1287541,2.8023130893707275,2.8023130893707275
2022-01-28 00:00:00,2.8088130950927734,2.802309989929199,2.8112680912017822,1204777,2.8004579544067383,2.8088130950927734
2022-01-29 00:00:00,2.803316116333008,2.808799982070923,2.811038017272949,1135546,2.800837993621826,2.803316116333008
2022-01-30 00:00:00,2.804457902908325,2.8035759925842285,2.811279058456421,1040893,2.8009419441223145,2.804457902908325
2022-01-31 00:00:00,2.810025930404663,2.8044660091400146,2.811155080795288,1076618,2.8011670112609863,2.810025930404663
2022-02-01 00:00:00,2.8082330226898193,2.810081958770752,2.811547040939331,1113103,2.8015329837799072,2.8082330226898193
2022-02-02 00:00:00,2.803658962249756,2.808237075805664,2.8115499019622803,808715,2.8012330532073975,2.803658962249756
2022-02-03 00:00:00,2.8040549755096436,2.8036599159240723,2.8106911182403564,1740084,2.8004350662231445,2.8040549755096436
2022-02-04 00:00:00,2.8114829063415527,2.8040590286254883,2.8161380290985107,1034040,2.802424907684326,2.8114829063415527
2022-02-05 00:00:00,2.808832883834839,2.811486005783081,2.812432050704956,1418481,2.8014750480651855,2.808832883834839
2022-02-06 00:00:00,2.8092639446258545,2.8088109493255615,2.8115670680999756,1868041,2.801806926727295,2.8092639446258545
2022-02-07 00:00:00,2.810020923614502,2.809256076812744,2.812994956970215,1772590,2.8001270294189453,2.810020923614502
2022-02-08 00:00:00,2.8129689693450928,2.810019016265869,2.821254014968872,1500347,2.8000810146331787,2.8129689693450928
2022-02-09 00:00:00,2.8210549354553223,2.8129289150238037,3.542999029159546,624370,2.8005690574645996,2.8210549354553223
2022-02-10 00:00:00,21.82777976989746,2.821014881134033,28.052371978759766,4856309,2.8203840255737305,21.82777976989746
2022-02-11 00:00:00,17.87677001953125,21.833518981933594,28.429637908935547,8005399,12.908055305480957,17.87677001953125
2022-02-12 00:00:00,12.924610137939453,17.87843132019043,19.606903076171875,4739516,11.485114097595215,12.924610137939453
2022-02-13 00:00:00,36.3869514465332,12.921489715576172,57.637123107910156,8759420,11.233366012573242,36.3869514465332
2022-02-14 00:00:00,36.93428421020508,36.38626480102539,47.632694244384766,14975725,33.358741760253906,36.93428421020508
2022-02-15 00:00:00,40.32149887084961,36.93198776245117,44.8232421875,12412897,30.90768051147461,40.32149887084961
2022-02-16 00:00:00,34.325016021728516,40.321292877197266,40.780906677246094,14080749,32.14006423950195,34.325016021728516
2022-02-17 00:00:00,30.97999382019043,34.362552642822266,38.27504348754883,13217510,29.30130958557129,30.97999382019043
2022-02-18 00:00:00,22.245227813720703,30.98818016052246,33.175537109375,10216234,20.70623779296875,22.245227813720703
2022-02-19 00:00:00,19.840431213378906,22.244966506958008,24.651836395263672,6120640,18.019948959350586,19.840431213378906
2022-02-20 00:00:00,25.825170516967773,19.843799591064453,25.825170516967773,8635898,18.784318923950195,25.825170516967773
2022-02-21 00:00:00,29.568979263305664,25.821374893188477,36.52104568481445,12351285,24.278602600097656,29.568979263305664
2022-02-22 00:00:00,29.49908447265625,29.567007064819336,33.947357177734375,10254880,27.898208618164062,29.49908447265625
2022-02-23 00:00:00,35.92622756958008,29.494434356689453,38.67470169067383,12059326,29.494434356689453,35.92622756958008
2022-02-24 00:00:00,39.77398681640625,35.92822265625,49.833885192871094,15232167,32.430702209472656,39.77398681640625
2022-02-25 00:00:00,49.722164154052734,39.7738151550293,50.286495208740234,16871892,38.10087966918945,49.722164154052734
2022-02-26 00:00:00,57.96968460083008,49.723140716552734,67.9172134399414,24665226,47.70172882080078,57.96968460083008
2022-02-27 00:00:00,52.52741622924805,57.96635437011719,60.639976501464844,23172307,46.53876876831055,52.52741622924805
2022-02-28 00:00:00,43.933536529541016,52.52617263793945,53.85984420776367,19707676,34.23472595214844,43.933536529541016
2022-03-01 00:00:00,43.431121826171875,43.944618225097656,48.09402084350586,14738984,39.075531005859375,43.431121826171875
2022-03-02 00:00:00,42.75571823120117,43.43345642089844,52.919456481933594,14223277,39.9215087890625,42.75571823120117
2022-03-03 00:00:00,38.13203048706055,42.756282806396484,44.71862030029297,14577276,36.88496398925781,38.13203048706055
2022-03-04 00:00:00,37.75119400024414,38.1269645690918,39.222679138183594,14877711,35.27199935913086,37.75119400024414
2022-03-05 00:00:00,32.17884826660156,37.74617004394531,37.87173080444336,9091110,29.534536361694336,32.17884826660156
2022-03-06 00:00:00,38.057647705078125,32.194419860839844,41.621131896972656,12975654,27.528467178344727,38.057647705078125
2022-03-07 00:00:00,32.31938934326172,38.0581169128418,39.22231674194336,11668446,32.222381591796875,32.31938934326172
2022-03-08 00:00:00,31.016847610473633,32.31175994873047,33.98435592651367,10511137,29.596845626831055,31.016847610473633
2022-03-09 00:00:00,34.69005584716797,31.0172119140625,35.123870849609375,9503878,30.22341537475586,34.69005584716797
2022-03-10 00:00:00,35.0726432800293,34.69125747680664,35.939842224121094,10684662,31.558565139770508,35.0726432800293
2022-03-11 00:00:00,31.878097534179688,35.01711654663086,35.38212203979492,10560895,31.66046714782715,31.878097534179688
2022-03-12 00:00:00,34.21455383300781,31.880760192871094,37.637149810791016,11739804,31.469083786010742,34.21455383300781
2022-03-13 00:00:00,38.7222900390625,34.21041488647461,43.61145782470703,9668667,33.658695220947266,38.7222900390625
2022-03-14 00:00:00,41.050655364990234,38.7263298034668,44.66416549682617,14165342,38.121761322021484,41.050655364990234
2022-03-15 00:00:00,41.78010559082031,41.04538345336914,43.10442352294922,13683474,37.54008102416992,41.78010559082031
2022-03-16 00:00:00,37.032569885253906,41.792205810546875,43.196746826171875,13022525,36.963687896728516,37.032569885253906
2022-03-17 00:00:00,39.309967041015625,36.9942741394043,42.26121520996094,9899548,36.67737579345703,39.309967041015625
2022-03-18 00:00:00,38.28635787963867,39.31064224243164,41.1025390625,11010457,36.45418930053711,38.28635787963867
2022-03-19 00:00:00,40.034610748291016,38.28723907470703,41.904701232910156,12896399,37.38705062866211,40.034610748291016
2022-03-20 00:00:00,47.61092758178711,40.03299331665039,53.400108337402344,15424301,40.03299331665039,47.61092758178711
2022-03-21 00:00:00,50.701656341552734,47.61146926879883,60.00003433227539,15962347,43.77936935424805,50.701656341552734
2022-03-22 00:00:00,51.665496826171875,50.7019157409668,54.392642974853516,16030029,47.433433532714844,51.665496826171875
2022-03-23 00:00:00,49.52585983276367,51.666744232177734,53.09716033935547,16812697,49.37455368041992,49.52585983276367
2022-03-24 00:00:00,59.02436447143555,49.51018524169922,66.0162124633789,17580380,49.484127044677734,59.02436447143555
2022-03-25 00:00:00,112.10971069335938,59.024375915527344,112.46453857421875,16912331,53.97414016723633,112.10971069335938
2022-03-26 00:00:00,96.9497299194336,112.46530151367188,696.1030883789062,45693802,64.68728637695312,96.9497299194336
2022-03-27 00:00:00,88.6724853515625,96.54216766357422,102.2381591796875,28960560,81.33570861816406,88.6724853515625
2022-03-28 00:00:00,77.1628646850586,88.67585754394531,89.8100357055664,31437561,66.85613250732422,77.1628646850586
2022-03-29 00:00:00,71.71945190429688,77.1629638671875,80.51881408691406,28524445,68.4681167602539,71.71945190429688
2022-03-30 00:00:00,66.67291259765625,71.71796417236328,75.20354461669922,21592618,60.697288513183594,66.67291259765625
2022-03-31 00:00:00,62.18767166137695,66.66036987304688,76.56866455078125,25447159,55.31575012207031,62.18767166137695
2022-04-01 00:00:00,61.81199645996094,62.355464935302734,66.9889907836914,19979877,58.75176239013672,61.81199645996094
2022-04-02 00:00:00,58.06352233886719,61.825477600097656,62.20671081542969,18145391,56.94948196411133,58.06352233886719
2022-04-03 00:00:00,57.82809829711914,58.06326675415039,59.754669189453125,20393170,54.61927032470703,57.82809829711914
2022-04-04 00:00:00,50.431129455566406,57.96660232543945,58.47671127319336,19708825,46.70553207397461,50.431129455566406
2022-04-05 00:00:00,40.55731201171875,50.442344665527344,53.7495231628418,16940268,39.138458251953125,40.55731201171875
2022-04-06 00:00:00,36.81766128540039,40.5284538269043,41.58673095703125,12953432,32.73373794555664,36.81766128540039
2022-04-07 00:00:00,34.16799545288086,36.842071533203125,43.28179931640625,14364600,33.23422622680664,34.16799545288086
2022-04-08 00:00:00,33.88323974609375,34.1680908203125,37.471893310546875,13531934,33.471946716308594,33.88323974609375
2022-04-09 00:00:00,31.96414566040039,33.87920379638672,34.76481628417969,9993585,29.256546020507812,31.96414566040039
2022-04-10 00:00:00,27.396984100341797,31.979616165161133,32.26201248168945,10911560,27.330568313598633,27.396984100341797
2022-04-11 00:00:00,23.615259170532227,27.491125106811523,28.574722290039062,9399376,20.64167022705078,23.615259170532227
2022-04-12 00:00:00,22.336179733276367,23.613996505737305,24.336275100708008,7770877,20.616453170776367,22.336179733276367
2022-04-13 00:00:00,19.909805297851562,22.309097290039062,23.089365005493164,6648575,17.971851348876953,19.909805297851562
2022-04-14 00:00:00,19.674285888671875,19.89896583557129,21.439781188964844,6636600,18.358409881591797,19.674285888671875
2022-04-15 00:00:00,17.860042572021484,19.673173904418945,20.225637435913086,6188956,17.26009750366211,17.860042572021484
2022-04-16 00:00:00,19.225509643554688,17.86026954650879,19.252220153808594,8127791,16.830617904663086,19.225509643554688
2022-04-17 00:00:00,17.313594818115234,19.230022430419922,19.230022430419922,6041732,16.347822189331055,17.313594818115234
2022-04-18 00:00:00,13.860583305358887,17.313873291015625,17.313873291015625,4385477,12.837677955627441,13.860583305358887
2022-04-19 00:00:00,11.948785781860352,13.860554695129395,14.64022445678711,4813324,10.480875968933105,11.948785781860352
2022-04-20 00:00:00,12.073987007141113,11.935647010803223,15.273271560668945,6110897,11.09934139251709,12.073987007141113
2022-04-21 00:00:00,11.661972999572754,12.16856861114502,13.14134407043457,4698436,11.377863883972168,11.661972999572754
2022-04-22 00:00:00,11.486743927001953,11.661806106567383,12.380775451660156,4225424,10.974264144897461,11.486743927001953
2022-04-23 00:00:00,10.907661437988281,11.491888999938965,11.716082572937012,4320197,10.799626350402832,10.907661437988281
2022-04-24 00:00:00,9.959547996520996,10.906011581420898,11.197760581970215,3694108,9.530357360839844,9.959547996520996
2022-04-25 00:00:00,9.833243370056152,9.95927906036377,10.271769523620605,3725462,8.784753799438477,9.833243370056152
2022-04-26 00:00:00,8.745657920837402,9.8336820602417,12.379302978515625,3606765,8.505327224731445,8.745657920837402
2022-04-27 00:00:00,8.882447242736816,8.733983039855957,8.937806129455566,3091214,8.346592903137207,8.882447242736816
2022-04-28 00:00:00,7.979911804199219,8.883514404296875,8.94336223602295,2845947,7.931811809539795,7.979911804199219
2022-04-29 00:00:00,7.0568108558654785,7.975564956665039,7.975564956665039,2293216,6.013264179229736,7.0568108558654785
2022-04-30 00:00:00,7.979029178619385,7.066621780395508,9.463547706604004,2062681,5.3935651779174805,7.979029178619385
2022-05-01 00:00:00,7.077649116516113,7.99427604675293,8.486202239990234,2218619,5.955989837646484,7.077649116516113
2022-05-02 00:00:00,6.470742225646973,7.086418151855469,7.338213920593262,1515311,6.250007152557373,6.470742225646973
2022-05-03 00:00:00,6.697220802307129,6.47078800201416,7.628693103790283,2102812,6.241509914398193,6.697220802307129
2022-05-04 00:00:00,6.6324591636657715,6.697710990905762,7.335142135620117,1699536,6.3517351150512695,6.6324591636657715
2022-05-05 00:00:00,6.421122074127197,6.63247013092041,7.035620212554932,1688325,6.173107147216797,6.421122074127197
2022-05-06 00:00:00,6.492325782775879,6.421126842498779,6.817326068878174,2277704,6.190027236938477,6.492325782775879
2022-05-07 00:00:00,5.922195911407471,6.492410182952881,6.798274040222168,1616020,5.861008167266846,5.922195911407471
2022-05-08 00:00:00,5.294932842254639,5.922194957733154,6.571631908416748,1622218,4.409908771514893,5.294932842254639
2022-05-09 00:00:00,5.139839172363281,5.2906341552734375,5.801138877868652,1355648,4.370730876922607,5.139839172363281
2022-05-10 00:00:00,5.049543857574463,5.140446186065674,5.793458938598633,1706574,4.505348205566406,5.049543857574463
2022-05-11 00:00:00,4.4883198738098145,5.049295902252197,5.249640941619873,1275082,3.8866770267486572,4.4883198738098145
2022-05-12 00:00:00,3.8566579818725586,4.487958908081055,4.7585768699646,1048825,3.305732011795044,3.8566579818725586
2022-05-13 00:00:00,3.4768269062042236,3.856271982192993,4.357114791870117,1117325,3.2860279083251953,3.4768269062042236
2022-05-14 00:00:00,3.820897102355957,3.476850986480713,4.623536109924316,935555,3.2124838829040527,3.820897102355957
2022-05-15 00:00:00,4.62055778503418,3.820919990539551,4.847434997558594,1239226,3.5406711101531982,4.62055778503418
2022-05-16 00:00:00,4.2206501960754395,4.6210432052612305,4.7918171882629395,1298384,3.8580989837646484,4.2206501960754395
2022-05-17 00:00:00,3.554961919784546,4.220590114593506,4.574995040893555,1164572,3.306370973587036,3.554961919784546
2022-05-18 00:00:00,3.580988883972168,3.5549399852752686,4.23137903213501,1161737,3.286895990371704,3.580988883972168
2022-05-19 00:00:00,4.029786109924316,3.5809431076049805,4.129299163818359,1287241,3.5226690769195557,4.029786109924316
2022-05-20 00:00:00,3.843967914581299,4.029754161834717,4.031716823577881,1278473,3.774229049682617,3.843967914581299
2022-05-21 00:00:00,4.11674690246582,3.8442270755767822,4.8128981590271,1189498,3.797189950942993,4.11674690246582
2022-05-22 00:00:00,4.316596984863281,4.116721153259277,4.366087913513184,1265732,3.996213912963867,4.316596984863281
2022-05-23 00:00:00,4.223265171051025,4.316605091094971,4.316605091094971,1091120,3.9963009357452393,4.223265171051025
2022-05-24 00:00:00,4.116709232330322,4.223103046417236,4.247509956359863,956845,4.088269233703613,4.116709232330322
2022-05-25 00:00:00,3.997230052947998,4.1166510581970215,4.798912048339844,1042030,3.8297030925750732,3.997230052947998
2022-05-26 00:00:00,3.762907028198242,3.997199058532715,4.116450786590576,1248771,3.59906005859375,3.762907028198242
2022-05-27 00:00:00,3.7886710166931152,3.7628910541534424,3.9865760803222656,1072938,3.510133981704712,3.7886710166931152
2022-05-28 00:00:00,4.025668144226074,3.730573892593384,4.055421829223633,1096795,3.5049870014190674,4.025668144226074
2022-05-29 00:00:00,3.7059719562530518,4.025689125061035,4.072964191436768,1014721,3.5429530143737793,3.7059719562530518
2022-05-30 00:00:00,3.8993589878082275,3.7059929370880127,3.9969849586486816,823867,3.627113103866577,3.8993589878082275
2022-05-31 00:00:00,6.404591083526611,3.8978629112243652,8.14069652557373,2598839,3.692673921585083,6.404591083526611
2022-06-01 00:00:00,5.378410816192627,6.422056198120117,6.793108940124512,1916423,5.253284931182861,5.378410816192627
2022-06-02 00:00:00,5.480593204498291,5.378509998321533,5.983977794647217,1627688,5.06606388092041,5.480593204498291
2022-06-03 00:00:00,5.261837005615234,5.48050594329834,5.944140911102295,1301669,5.0543951988220215,5.261837005615234
2022-06-04 00:00:00,5.452559947967529,5.261947154998779,5.606424808502197,1399352,5.077216148376465,5.452559947967529
2022-06-05 00:00:00,5.3270721435546875,5.452542781829834,5.52773904800415,1270766,4.849976062774658,5.3270721435546875
2022-06-06 00:00:00,5.499510765075684,5.327004909515381,6.059456825256348,1498472,4.930288791656494,5.499510765075684
2022-06-07 00:00:00,5.199987888336182,5.4994330406188965,5.541131973266602,1404144,5.12973690032959,5.199987888336182
2022-06-08 00:00:00,5.58181619644165,5.199997901916504,5.737372875213623,1510185,5.173828125,5.58181619644165
2022-06-09 00:00:00,5.971035957336426,5.581908226013184,5.980785846710205,1537510,5.341350078582764,5.971035957336426
2022-06-10 00:00:00,5.882964134216309,5.971250057220459,6.567686080932617,1662225,5.347559928894043,5.882964134216309
2022-06-11 00:00:00,6.120488166809082,5.882966995239258,6.9012131690979,1745622,5.33544921875,6.120488166809082
2022-06-12 00:00:00,5.803651809692383,6.120360851287842,6.666293144226074,1728815,5.545796871185303,5.803651809692383
2022-06-13 00:00:00,4.937170028686523,5.803525924682617,6.2650628089904785,1545162,4.064035892486572,4.937170028686523
2022-06-14 00:00:00,4.09923791885376,4.937488079071045,5.449583053588867,818161,4.013206958770752,4.09923791885376
2022-06-15 00:00:00,4.234269142150879,4.099167823791504,5.187355041503906,943866,3.353519916534424,4.234269142150879
2022-06-16 00:00:00,5.595111846923828,4.234186172485352,5.939480781555176,1059051,3.5985000133514404,5.595111846923828
2022-06-17 00:00:00,4.808772087097168,5.5951972007751465,5.942473888397217,1461333,4.504008769989014,4.808772087097168
2022-06-18 00:00:00,4.269077777862549,4.808786869049072,5.776585102081299,1527667,4.040550231933594,4.269077777862549
2022-06-19 00:00:00,5.259036064147949,4.269032001495361,5.696488857269287,1274224,4.163086891174316,5.259036064147949
2022-06-20 00:00:00,4.722898960113525,5.258927822113037,5.500929832458496,1317657,4.331798076629639,4.722898960113525
2022-06-21 00:00:00,4.802618026733398,4.722958087921143,5.081921100616455,960475,4.461944103240967,4.802618026733398
2022-06-22 00:00:00,4.548823833465576,4.802612781524658,4.975470066070557,1086614,4.268828868865967,4.548823833465576
2022-06-23 00:00:00,4.848923206329346,4.548828125,5.636722087860107,1336291,4.5141119956970215,4.848923206329346
2022-06-24 00:00:00,4.780609130859375,4.848822116851807,5.057332992553711,1070776,4.174776077270508,4.780609130859375
2022-06-25 00:00:00,4.803685188293457,4.780663967132568,5.235680103302002,1215134,4.621469020843506,4.803685188293457
2022-06-26 00:00:00,4.912670135498047,4.803382873535156,5.154930114746094,1429367,4.700716972351074,4.912670135498047
2022-06-27 00:00:00,4.687796115875244,4.912932872772217,5.102179050445557,1140029,4.657597064971924,4.687796115875244
2022-06-28 00:00:00,5.52672004699707,4.68779993057251,5.831298828125,1406545,4.619953155517578,5.52672004699707
2022-06-29 00:00:00,4.875564098358154,5.526782035827637,5.6364850997924805,1166500,4.631896018981934,4.875564098358154
2022-06-30 00:00:00,4.820775985717773,4.875580787658691,5.243964195251465,1185239,4.482615947723389,4.820775985717773
2022-07-01 00:00:00,3.908989906311035,4.821030139923096,5.127297878265381,1131728,3.5190110206604004,3.908989906311035
2022-07-02 00:00:00,4.465041160583496,3.908968925476074,4.869018077850342,1045324,3.845729112625122,4.465041160583496
2022-07-03 00:00:00,3.9063260555267334,4.465007781982422,4.677688121795654,842937,3.825756072998047,3.9063260555267334
2022-07-04 00:00:00,3.779536008834839,3.9063000679016113,4.141655921936035,751185,3.740823984146118,3.779536008834839
2022-07-05 00:00:00,4.27798318862915,3.7736799716949463,4.643476963043213,1049325,3.532352924346924,4.27798318862915
2022-07-06 00:00:00,4.294013977050781,4.277997970581055,4.382747173309326,1133888,3.6687140464782715,4.294013977050781
2022-07-07 00:00:00,4.0257391929626465,4.294047832489014,4.3225789070129395,964913,3.9076271057128906,4.0257391929626465
2022-07-08 00:00:00,4.288603782653809,4.025531768798828,4.330298900604248,1029349,3.9365179538726807,4.288603782653809
2022-07-09 00:00:00,4.330362796783447,4.288619041442871,4.346108913421631,975729,3.909600019454956,4.330362796783447
2022-07-10 00:00:00,4.155213832855225,4.330351829528809,4.349524021148682,1022339,3.923595905303955,4.155213832855225
2022-07-11 00:00:00,4.134794235229492,4.155181884765625,4.341894149780273,875168,3.8876841068267822,4.134794235229492
2022-07-12 00:00:00,4.068057060241699,4.134781837463379,4.264753818511963,907204,3.9587249755859375,4.068057060241699
2022-07-13 00:00:00,3.9840281009674072,4.068055152893066,4.094058036804199,970525,3.94909405708313,3.9840281009674072
2022-07-14 00:00:00,3.6315970420837402,3.9840660095214844,4.093058109283447,815877,3.2863359451293945,3.6315970420837402
2022-07-15 00:00:00,3.582792043685913,3.6315200328826904,4.287240982055664,738685,3.333275079727173,3.582792043685913
2022-07-16 00:00:00,3.8047640323638916,3.5827789306640625,3.999706983566284,813367,3.572376012802124,3.8047640323638916
2022-07-17 00:00:00,3.604098081588745,3.8047800064086914,3.9979031085968018,803961,3.572658061981201,3.604098081588745
2022-07-18 00:00:00,3.642430067062378,3.604085922241211,3.9474549293518066,840556,3.5800790786743164,3.642430067062378
2022-07-19 00:00:00,3.6369359493255615,3.642432928085327,3.9995250701904297,804482,3.5746850967407227,3.6369359493255615
2022-07-20 00:00:00,3.7278640270233154,3.636979103088379,3.770940065383911,892258,3.586484909057617,3.7278640270233154
2022-07-21 00:00:00,3.9022159576416016,3.7278099060058594,3.9452428817749023,761497,3.6234281063079834,3.9022159576416016
2022-07-22 00:00:00,3.705594062805176,3.902224063873291,3.948580026626587,998208,3.6172890663146973,3.705594062805176
2022-07-23 00:00:00,3.7487640380859375,3.7055959701538086,3.9023630619049072,1022493,3.252401113510132,3.7487640380859375
2022-07-24 00:00:00,4.291551113128662,3.7487549781799316,11.765405654907227,955495,3.3228609561920166,4.291551113128662
2022-07-25 00:00:00,3.8814868927001953,4.291572093963623,4.716833114624023,896347,3.3907010555267334,3.8814868927001953
2022-07-26 00:00:00,4.036786079406738,3.881485939025879,4.245625019073486,1034296,3.845444917678833,4.036786079406738
2022-07-27 00:00:00,3.771559953689575,4.036810874938965,4.142658233642578,820410,3.5214951038360596,3.771559953689575
2022-07-28 00:00:00,3.6826579570770264,3.7716140747070312,3.8922109603881836,831472,3.259788990020752,3.6826579570770264
2022-07-29 00:00:00,3.6344940662384033,3.6825830936431885,3.9013168811798096,863188,3.2589690685272217,3.6344940662384033
2022-07-30 00:00:00,3.940324068069458,3.6345090866088867,4.146049976348877,894118,3.3630011081695557,3.940324068069458
2022-07-31 00:00:00,3.7187910079956055,3.9402918815612793,4.141540050506592,724427,3.3937149047851562,3.7187910079956055
2022-08-01 00:00:00,3.5814208984375,3.718770980834961,3.999073028564453,789366,3.3869218826293945,3.5814208984375
2022-08-02 00:00:00,3.5253210067749023,3.581428050994873,3.9813480377197266,885334,3.254098892211914,3.5253210067749023
2022-08-03 00:00:00,3.600800037384033,3.5252809524536133,3.8382248878479004,882846,3.257333993911743,3.600800037384033
2022-08-04 00:00:00,3.7448220252990723,3.6008589267730713,4.485140800476074,914837,3.510854959487915,3.7448220252990723
2022-08-05 00:00:00,3.7676100730895996,3.7447168827056885,3.999277114868164,854545,3.5636088848114014,3.7676100730895996
2022-08-06 00:00:00,3.841852903366089,3.767590045928955,3.9929680824279785,904415,3.615112066268921,3.841852903366089
2022-08-07 00:00:00,4.165072917938232,3.841865062713623,4.9282307624816895,862244,3.634718894958496,4.165072917938232
2022-08-08 00:00:00,3.936069965362549,4.165092945098877,4.168842792510986,931987,3.7677218914031982,3.936069965362549
2022-08-09 00:00:00,4.296011924743652,3.9360389709472656,4.896265983581543,1076527,3.829319953918457,4.296011924743652
2022-08-10 00:00:00,4.04036808013916,4.2959771156311035,4.4707818031311035,1095925,3.704267978668213,4.04036808013916
2022-08-11 00:00:00,3.8268280029296875,4.040360927581787,4.096932888031006,763225,3.7590479850769043,3.8268280029296875
2022-08-12 00:00:00,3.7979910373687744,3.8268120288848877,4.083038806915283,731122,3.7118239402770996,3.7979910373687744
2022-08-13 00:00:00,3.926224946975708,3.7980470657348633,4.202391147613525,819059,3.735630989074707,3.926224946975708
2022-08-14 00:00:00,3.833919048309326,3.926179885864258,4.141354084014893,1005037,3.8124959468841553,3.833919048309326
2022-08-15 00:00:00,3.8333919048309326,3.8338780403137207,4.188499927520752,817508,3.7268118858337402,3.8333919048309326
2022-08-16 00:00:00,4.105276107788086,3.8333740234375,4.166667938232422,2868,3.7495970726013184,4.105276107788086
2022-08-17 00:00:00,4.104276180267334,4.105317115783691,4.105466842651367,10162,4.102499961853027,4.104276180267334
2022-08-18 00:00:00,3.9336609840393066,4.104273796081543,4.104273796081543,735414,3.663280963897705,3.9336609840393066
2022-08-19 00:00:00,3.7136170864105225,3.9336330890655518,3.9380300045013428,1080694,3.656851053237915,3.7136170864105225
2022-08-20 00:00:00,3.7141480445861816,3.7135019302368164,3.8349449634552,942687,3.6809639930725098,3.7141480445861816
2022-08-21 00:00:00,3.8188910484313965,3.7141458988189697,4.141186237335205,909863,3.701948881149292,3.8188910484313965
2022-08-22 00:00:00,3.7420918941497803,3.8189098834991455,4.101559162139893,759553,3.6981968879699707,3.7420918941497803
2022-08-23 00:00:00,3.8696959018707275,3.7420880794525146,3.9632649421691895,778903,3.268465042114258,3.8696959018707275
2022-08-24 00:00:00,3.57197904586792,3.8696908950805664,3.9593710899353027,752409,3.332787036895752,3.57197904586792
2022-08-25 00:00:00,3.6005260944366455,3.5719621181488037,3.9442710876464844,708526,3.331702947616577,3.6005260944366455
2022-08-26 00:00:00,1.9394919872283936,3.600519895553589,3.94342303276062,808467,1.7327070236206055,1.9394919872283936
2022-08-27 00:00:00,3.361661911010742,1.9395159482955933,3.852613925933838,771123,1.9395159482955933,3.361661911010742
2022-08-28 00:00:00,3.360353946685791,3.3616459369659424,3.5949690341949463,744811,2.7933340072631836,3.360353946685791
2022-08-29 00:00:00,3.2216649055480957,3.360434055328369,3.488149881362915,732206,2.396960973739624,3.2216649055480957
2022-08-30 00:00:00,3.1888539791107178,3.2216830253601074,3.4131710529327393,587709,2.719860076904297,3.1888539791107178
2022-08-31 00:00:00,3.0373990535736084,3.1888840198516846,3.3941938877105713,586535,1.8953529596328735,3.0373990535736084
2022-09-01 00:00:00,2.9789369106292725,3.0373919010162354,3.247328042984009,616956,2.1275980472564697,2.9789369106292725
2022-09-02 00:00:00,2.8656558990478516,2.9788949489593506,3.2352490425109863,755058,2.380676031112671,2.8656558990478516
2022-09-03 00:00:00,2.7996349334716797,2.865657091140747,3.13457989692688,659707,2.337476968765259,2.7996349334716797
2022-09-04 00:00:00,2.8922600746154785,2.7996408939361572,3.4227259159088135,661582,2.1634459495544434,2.8922600746154785
2022-09-05 00:00:00,2.7855350971221924,2.8922300338745117,3.1902589797973633,639153,2.4789180755615234,2.7855350971221924
2022-09-06 00:00:00,2.7225000858306885,2.7855050563812256,3.0849950313568115,659236,2.176693916320801,2.7225000858306885
2022-09-07 00:00:00,2.9151010513305664,2.7223989963531494,2.918423891067505,476451,2.2382659912109375,2.9151010513305664
2022-09-08 00:00:00,2.754652976989746,2.915069103240967,2.984947919845581,296407,2.4539101123809814,2.754652976989746
2022-09-09 00:00:00,2.4639968872070312,2.7546370029449463,3.0434329509735107,289877,2.2471818923950195,2.4639968872070312
2022-09-10 00:00:00,2.728188991546631,2.4639999866485596,3.02587890625,384800,2.4569919109344482,2.728188991546631
2022-09-11 00:00:00,3.168661117553711,2.7281880378723145,3.8594179153442383,597477,2.5729620456695557,3.168661117553711
2022-09-12 00:00:00,2.4104321002960205,3.1686758995056152,3.374690055847168,383175,2.3225109577178955,2.4104321002960205
2022-09-13 00:00:00,2.8414480686187744,2.4103410243988037,3.1117100715637207,578113,2.40545392036438,2.8414480686187744
2022-09-14 00:00:00,2.837596893310547,2.803184986114502,2.851475954055786,670496,2.801898956298828,2.837596893310547
2022-09-15 00:00:00,2.8574230670928955,2.8375871181488037,2.9641408920288086,607958,2.7138431072235107,2.8574230670928955
2022-09-16 00:00:00,2.7397561073303223,2.857419967651367,3.491486072540283,691865,2.6050970554351807,2.7397561073303223
2022-09-17 00:00:00,2.8110880851745605,2.739758014678955,3.0536539554595947,829650,2.729090929031372,2.8110880851745605
2022-09-18 00:00:00,2.7660140991210938,2.811084032058716,2.9787280559539795,738279,2.7051050662994385,2.7660140991210938
2022-09-19 00:00:00,2.748883008956909,2.7659730911254883,2.794806957244873,834431,2.6783969402313232,2.748883008956909
2022-09-20 00:00:00,2.7510299682617188,2.7488760948181152,2.841562032699585,484811,2.661639928817749,2.7510299682617188
2022-09-21 00:00:00,2.6944689750671387,2.7510159015655518,2.7510159015655518,814088,2.6722140312194824,2.6944689750671387
2022-09-22 00:00:00,2.8108749389648438,2.6945230960845947,3.0824100971221924,574331,2.605349063873291,2.8108749389648438
2022-09-23 00:00:00,2.9044349193573,2.810900926589966,3.035120964050293,522366,2.670056104660034,2.9044349193573
2022-09-24 00:00:00,2.871277093887329,2.9044349193573,2.9128599166870117,702708,2.765089988708496,2.871277093887329
2022-09-25 00:00:00,2.848871946334839,2.871285915374756,2.8712880611419678,573024,2.7615020275115967,2.848871946334839
2022-09-26 00:00:00,2.773552894592285,2.8488500118255615,2.8628718852996826,734915,2.7421329021453857,2.773552894592285
2022-09-27 00:00:00,2.8060081005096436,2.773535966873169,2.838809013366699,680860,2.7458701133728027,2.8060081005096436
2022-09-28 08:56:00,2.7737720012664795,2.8086137771606445,2.8309037685394287,642162,2.7512307167053223,2.7737720012664795
